"","beg","end","IBI","len","durn","mean.isis","SI"
"1",1,38,NA,38,0.0155,0.000418918918918919,76.8396037504402
"2",44,75,0.077,32,0.0304,0.000980645161290324,40.4556561105592
"3",76,99,0.0847,24,0.0187,0.000813043478260869,34.3697606313224
"4",102,139,0.2884,38,0.0152,0.000410810810810811,77.5263890420639
"5",141,144,0.0427,4,0.00270000000000004,0.000900000000000012,5.30876005430589
"6",147,169,0.1079,23,0.0198,0.000900000000000002,30.9490608969119
"7",170,246,0.189,77,0.0266999999999999,0.000351315789473684,168.115194633882
"8",247,252,0.00130000000000008,6,0.00779999999999981,0.00155999999999996,5.72806676886559
"9",258,284,0.3025,27,0.0155000000000001,0.000596153846153849,45.9942344551117
"10",288,317,0.2082,30,0.0175000000000001,0.000603448275862071,50.7421325490305
"11",320,357,0.1382,38,0.0225,0.000608108108108107,63.8988389617219
"12",360,387,0.0778999999999999,28,0.0241,0.000892592592592593,37.7474665352885
"13",390,439,0.323,50,0.0165999999999999,0.000338775510204081,110.958021250894
"14",446,463,0.2712,18,0.0124999999999997,0.000735294117647043,27.4325911434202
"15",465,489,0.1782,25,0.0172000000000003,0.00071666666666668,38.5335877809528
"16",492,525,0.1472,34,0.0195000000000003,0.0005909090909091,58.0989614988645
"17",527,544,0.1282,18,0.0155000000000003,0.00091176470588237,24.1269495191974
"18",546,582,0.1164,37,0.0400999999999998,0.00111388888888888,42.6423052564872
"19",585,614,0.3264,30,0.0129000000000001,0.000444827586206901,59.0332378639129
"20",620,642,0.271,23,0.0185,0.000840909090909089,32.288828584756
"21",645,658,0.0792999999999999,14,0.0228000000000002,0.00175384615384617,11.5917433510628
"22",659,687,0.2987,29,0.0121000000000002,0.000432142857142865,57.8355682665416
"23",690,694,0.0773999999999999,5,0.00490000000000013,0.00122500000000003,5.63327400865592
"24",695,714,0.0796999999999999,20,0.0194000000000001,0.00102105263157895,24.851162072481
"25",720,752,0.2657,33,0.0213000000000001,0.000665625000000003,52.8800846429565
"26",757,778,0.3676,22,0.0147999999999993,0.000704761904761869,34.2760894773644
"27",780,844,0.0622000000000007,65,0.0213000000000001,0.000332812500000002,145.282822812283
"28",854,867,0.1129,14,0.0119999999999996,0.00092307692307689,18.7003157763754
"29",869,894,0.1511,26,0.0232000000000001,0.000928000000000004,34.228587816724
"30",896,944,0.6686,49,0.0218999999999996,0.000456249999999991,95.1390878061974
"31",945,970,0.192500000000001,26,0.0221999999999998,0.000887999999999991,35.2107541112293
"32",971,992,0.1804,22,0.0137999999999998,0.000657142857142848,35.6266750381209
"33",993,1046,0.1878,54,0.0448000000000004,0.000845283018867932,74.6444784622596
"34",1049,1072,0.329499999999999,24,0.0159000000000002,0.000691304347826098,37.7672571181538
"35",1074,1089,0.2768,16,0.0104000000000006,0.000693333333333375,25.2170121675749
"36",1091,1122,0.148,32,0.0202,0.000651612903225806,51.8994467293031
"37",1130,1153,0.1062,24,0.0183999999999997,0.000799999999999989,34.7060467749184
"38",1155,1182,0.0953999999999997,28,0.0438000000000001,0.00162222222222222,23.970931654438
"39",1184,1264,0.1666,81,0.0262000000000002,0.000327500000000003,182.210200252783
"40",1265,1272,0.00140000000000029,8,0.0158000000000005,0.00225714285714293,5.47756513930251
"41",1276,1300,0.202199999999999,25,0.0196000000000005,0.000816666666666688,35.6848223509762
"42",1302,1335,0.135899999999999,34,0.0288000000000004,0.000872727272727284,46.3524039081073
"43",1336,1363,0.309899999999999,28,0.0155000000000012,0.000574074074074118,48.6341187854671
"44",1366,1392,0.1959,27,0.0191999999999997,0.000738461538461525,40.8712039719904
"45",1393,1423,0.140599999999999,31,0.0241000000000007,0.000803333333333356,44.5594406204988
"46",1424,1438,0.2193,15,0.00919999999999987,0.000657142857142848,24.3403801579257
"47",1442,1528,0.3009,87,0.0303999999999984,0.000353488372093005,189.38987496442
"48",1539,1576,0.0681000000000012,38,0.0510000000000002,0.00137837837837838,37.0686213752038
"49",1580,1616,0.447799999999999,37,0.0174000000000003,0.000483333333333342,69.9533357628194
"50",1621,1660,0.2943,40,0.0251000000000001,0.000643589743589747,65.1918834512754
"51",1663,1695,0.0950000000000006,33,0.0381,0.001190625,36.295228735028
"52",1697,1737,0.3408,41,0.0212000000000003,0.000530000000000008,74.0233079407541
"53",1739,1757,0.219299999999999,19,0.0173000000000005,0.000961111111111141,24.5985663331904
"54",1759,1807,0.3287,49,0.0190000000000001,0.000395833333333336,101.603624654461
"55",1810,1814,0.0522000000000009,5,0.0044000000000004,0.0011000000000001,6.01494479647163
"56",1815,1841,0.5633,27,0.0118999999999989,0.000457692307692266,52.4349527299545
"57",1845,1862,0.1645,18,0.0175000000000001,0.00102941176470589,22.2977277809721
"58",1865,1887,0.0738000000000003,23,0.0318000000000005,0.00144545454545457,21.9472347452587
"59",1891,1921,0.235499999999998,31,0.0168000000000017,0.000560000000000057,54.506203360002
"60",1922,1928,0.109399999999999,7,0.00549999999999962,0.000916666666666603,9.42768087167554
"61",1931,1956,0.2585,26,0.0165000000000006,0.000660000000000025,41.948366787126
"62",1957,2025,0.2987,69,0.0215999999999994,0.000317647058823521,157.253111678736
"63",2026,2032,0.00130000000000052,7,0.00869999999999926,0.00144999999999988,7.01234859909645
"64",2038,2044,0.0612000000000013,7,0.00319999999999965,0.000533333333333275,12.4339928919064
"65",2048,2079,0.0849999999999991,32,0.0243000000000002,0.000783870967741942,46.6645688007231
"66",2084,2116,0.626700000000001,33,0.0158999999999985,0.000496874999999952,61.5851702667546
"67",2118,2145,0.353900000000001,28,0.0167999999999999,0.000622222222222219,46.6154273274579
"68",2146,2175,0.0502000000000002,30,0.0345999999999993,0.00119310344827584,33.026865780347
"69",2176,2194,0.114100000000001,19,0.0189000000000004,0.00105000000000002,23.194087990871
"70",2196,2214,0.2555,19,0.0137999999999998,0.000766666666666656,28.2561978824029
"71",2215,2223,0.0305,9,0.0113000000000003,0.00141250000000004,9.10512536491919
"72",2224,2247,0.1069,24,0.0200999999999993,0.000873913043478232,32.8757623745995
"73",2248,2276,0.627900000000002,29,0.0139999999999993,0.000499999999999977,53.9799538123029
"74",2279,2305,0.4938,27,0.0120000000000005,0.000461538461538479,52.2293577578683
"75",2307,2322,0.200199999999999,16,0.013300000000001,0.000886666666666732,21.8645772721531
"76",2324,2358,0.0297999999999981,35,0.0361000000000011,0.00106176470588239,41.8035463209983
"77",2361,2428,0.6431,68,0.0230999999999995,0.000344776119402977,149.709334157316
"78",2436,2450,0.1906,15,0.0128999999999984,0.000921428571428454,20.0358836931663
"79",2457,2482,0.236700000000003,26,0.0168999999999997,0.000675999999999988,41.3973295292304
"80",2485,2526,0.344799999999999,42,0.0183,0.000446341463414634,82.445375644186
"81",2531,2537,0.0808999999999997,7,0.00450000000000017,0.000750000000000028,10.5261034098389
"82",2539,2565,0.208300000000001,27,0.0205999999999982,0.000792307692307622,39.2087655548621
"83",2566,2586,0.232099999999999,21,0.0101000000000013,0.000505000000000066,38.9255486973864
"84",2590,2609,0.2484,20,0.00919999999999987,0.000484210526315783,37.8240695601784
"85",2614,2630,0.183599999999998,17,0.0107999999999997,0.000674999999999981,27.1779228631599
"86",2633,2751,0.0387000000000022,119,0.0342999999999982,0.00029067796610168,281.032862928193
"87",2752,2845,0.00250000000000128,94,0.156400000000001,0.00168172043010754,74.7492398411229
"88",2851,2943,0.393099999999997,93,0.0315000000000012,0.000342391304347839,205.228907917981
"89",2944,2950,0.00220000000000198,7,0.0113999999999983,0.00189999999999972,5.67196378910985
"90",2955,2975,0.0755000000000017,21,0.017199999999999,0.00085999999999995,29.117680947322
"91",2976,3016,0.1431,41,0.0192999999999977,0.000482499999999941,77.5484319953589
"92",3021,3027,0.0863000000000014,7,0.00710000000000122,0.00118333333333354,8.06400963115807
"93",3028,3065,0.0984999999999978,38,0.0257000000000005,0.000694594594594608,59.3663072139995
"94",3070,3092,0.209500000000002,23,0.0145999999999979,0.00066363636363627,37.0341523608127
"95",3096,3187,0.369199999999999,92,0.0275999999999996,0.000303296703296699,213.621422536545
"96",3188,3195,0.00150000000000006,8,0.0122,0.00174285714285714,6.9057958978806
"97",3203,3209,0.059700000000003,7,0.00619999999999976,0.00103333333333329,8.78263736188844
"98",3211,3262,0.651499999999999,52,0.0198,0.000388235294117648,108.74970637427
"99",3263,3270,0.00209999999999866,8,0.0119000000000007,0.0017000000000001,7.04812137530028
"100",3272,3287,0.311900000000001,16,0.0118000000000009,0.000786666666666728,23.4853313926308
"101",3289,3326,0.347399999999997,38,0.015500000000003,0.000418918918918999,76.8396037504335
"102",3329,3356,0.6235,28,0.0130999999999979,0.000485185185185107,52.8884393421807
"103",3361,3385,0.174099999999999,25,0.0335000000000001,0.00139583333333334,24.4743472426493
"104",3386,3422,0.072300000000002,37,0.0127999999999986,0.000355555555555516,80.4490797023705
"105",3427,3451,0.479600000000001,25,0.013300000000001,0.000554166666666707,44.239806619666
"106",3454,3476,0.151699999999998,23,0.0287000000000006,0.00130454545454548,23.8370333354384
"107",3477,3495,0.291499999999999,19,0.0134000000000007,0.000744444444444486,28.7386350503333
"108",3497,3505,0.0888999999999989,9,0.00720000000000098,0.000900000000000123,12.2629153548349
"109",3509,3537,0.0532000000000004,29,0.0243000000000002,0.00086785714285715,39.7762788258713
"110",3541,3547,0.110099999999999,7,0.00540000000000163,0.000900000000000271,9.52722738611196
"111",3548,3580,0.4285,33,0.0124999999999993,0.000390624999999978,68.8737438936941
"112",3583,3594,0.0727000000000011,12,0.0129999999999981,0.00118181818181801,13.6689279386182
"113",3596,3614,0.0756000000000014,19,0.0151000000000003,0.000838888888888908,26.7884687217808
"114",3616,3632,0.162299999999998,17,0.0130000000000017,0.000812500000000105,24.4682486379061
"115",3633,3650,0.0573999999999977,18,0.0147000000000013,0.000864705882353016,24.9341997776405
"116",3654,3672,0.1829,19,0.0174999999999983,0.000972222222222127,24.4151390076752
"117",3673,3692,0.280100000000001,20,0.0150000000000006,0.000789473684210556,29.2202302368712
"118",3693,3700,0.0378000000000007,8,0.0146999999999977,0.00209999999999967,5.86638417791688
"119",3701,3725,0.143700000000003,25,0.0184999999999995,0.000770833333333313,36.9399158034675
"120",3728,3741,0.264800000000001,14,0.0063999999999993,0.000492307692307638,26.2277708722746
"121",3745,3761,0.0487000000000002,17,0.00989999999999824,0.00061874999999989,28.4649834688231
"122",3765,3776,0.126899999999999,12,0.0124000000000031,0.00112727272727301,14.1209131662695
"123",3777,3796,0.145999999999997,20,0.0183999999999997,0.000968421052631566,25.7389945555205
"124",3799,3860,0.663900000000002,62,0.0213000000000001,0.000349180327868854,135.781250981472
"125",3867,3884,0.175000000000001,18,0.0228000000000002,0.00134117647058824,18.4190550298251
"126",3886,3927,0.203099999999999,42,0.0114999999999981,0.000280487804878002,100.66546928001
"127",3933,3957,0.323300000000003,25,0.0152999999999999,0.000637499999999995,41.1163251515026
"128",3960,3965,0.0237999999999978,6,0.00319999999999965,0.000639999999999929,9.71335533582029
"129",3966,4013,0.395900000000001,48,0.0195000000000007,0.000414893617021292,97.4337651152726
"130",4019,4048,0.4209,30,0.0135000000000005,0.000465517241379328,57.786997783067
"131",4050,4079,0.505499999999998,30,0.0131000000000014,0.000451724137931084,58.6111321857239
"132",4081,4110,0.0443999999999996,30,0.0246999999999993,0.00085172413793101,41.6136426328028
"133",4112,4135,0.281700000000001,24,0.0121000000000002,0.000526086956521749,43.5963061571639
"134",4139,4173,0.365500000000001,35,0.0159999999999982,0.000470588235294066,67.0422696316643
"135",4175,4245,1.0409,71,0.0274000000000001,0.000391428571428573,147.818714351264
"136",4252,4270,0.157700000000002,19,0.0174999999999983,0.000972222222222127,24.4151390076752
"137",4271,4288,0.158899999999999,18,0.0203000000000024,0.00119411764705897,20.101712230912
"138",4290,4331,0.1815,42,0.0167999999999964,0.000409756097560887,85.769478173117
"139",4334,4356,0.218299999999999,23,0.0172000000000025,0.000781818181818298,33.7374452635315
"140",4358,4378,0.213099999999997,21,0.017000000000003,0.000850000000000151,29.3279763661336
"141",4379,4406,0.271000000000001,28,0.014800000000001,0.000548148148148186,49.7979274790394
"142",4409,4438,0.0901999999999958,30,0.0161000000000016,0.000555172413793157,52.9918964483663
"143",4442,4500,0.377499999999998,59,0.0213000000000036,0.000367241379310408,126.425861683349
"144",4503,4531,0.222900000000003,29,0.0100999999999942,0.000360714285714079,62.6540046937019
"145",4536,4563,0.285600000000002,28,0.0155999999999992,0.000577777777777747,48.47247506662
"146",4565,4594,0.287800000000004,30,0.0130999999999943,0.000451724137930839,58.6111321857388
"147",4599,4617,0.147300000000001,19,0.0157000000000025,0.00087222222222236,26.1575514249173
"148",4620,4643,0.276600000000002,24,0.0146999999999977,0.000639130434782509,39.4292330040017
"149",4646,4672,0.107399999999998,27,0.0189999999999984,0.000730769230769167,41.1195308631288
"150",4674,4689,0.1297,16,0.015500000000003,0.00103333333333353,19.8236925558698
"151",4690,4721,0.3095,32,0.0148999999999972,0.000480645161290234,60.6947673208222
"152",4725,4791,0.325300000000006,67,0.0251999999999981,0.000381818181818153,141.07660561359
"153",4798,4820,0.253999999999998,23,0.0185000000000031,0.00084090909090923,32.2888285847527
"154",4822,4864,0.523699999999998,43,0.0118999999999971,0.000283333333333265,102.656400636288
"155",4865,4877,0.00160000000000338,13,0.0112999999999985,0.000941666666666544,17.1705035207693
"156",4880,4883,0.0442999999999998,4,0.00209999999999866,0.000699999999999553,6.00746631851696
"157",4885,4919,0.335300000000004,35,0.0154999999999959,0.000455882352941054,68.0612752634842
"158",4922,4941,0.202000000000005,20,0.0124999999999957,0.000657894736841881,32.3895699343306
"159",4943,4974,0.309100000000001,32,0.0116999999999976,0.000377419354838632,67.8038989555837
"160",4979,4998,0.271700000000003,20,0.0099000000000018,0.000521052631579042,36.5134276940893
"161",5001,5026,0.196300000000001,26,0.0176999999999978,0.000707999999999913,40.3366298255546
"162",5028,5099,0.487900000000003,72,0.0260999999999996,0.000367605633802811,154.145156896341
"163",5101,5107,0.0063999999999993,7,0.00719999999999743,0.00119999999999957,7.99059470573312
"164",5112,5135,0.229199999999999,24,0.0120000000000005,0.000521739130434802,43.7752635585322
"165",5138,5172,0.178400000000003,35,0.0435999999999979,0.00128235294117641,36.2897049312503
"166",5174,5200,0.268500000000003,27,0.0197000000000003,0.000757692307692318,40.2625999027586
"167",5203,5233,0.323799999999999,31,0.0131000000000014,0.000436666666666715,61.5237232521256
"168",5239,5254,0.147199999999998,16,0.0169999999999959,0.00113333333333306,18.6119505406039
"169",5256,5284,0.781200000000005,29,0.00989999999999469,0.000353571428571239,63.1899868076302
"170",5287,5319,0.0575000000000045,33,0.0208999999999975,0.000653124999999921,53.4385066186835
"171",5321,5335,0.2318,15,0.0137,0.000978571428571432,19.2859026814175
"172",5338,5366,0.0655000000000001,29,0.0187000000000026,0.000667857142857236,46.4391894437043
"173",5368,5388,0.0893999999999977,21,0.018100000000004,0.0009050000000002,28.2039251386873
"174",5391,5416,0.111499999999999,26,0.0250999999999948,0.00100399999999979,32.4873605220343
"175",5417,5445,0.383099999999999,29,0.013300000000001,0.000475000000000035,55.3320863409759
"176",5448,5471,0.284500000000001,24,0.0157999999999987,0.000686956521739074,37.9004636399766
"177",5473,5491,0.1038,19,0.0196000000000041,0.00108888888888911,22.6215593015747
"178",5494,5574,0.406100000000002,81,0.0312999999999946,0.000391249999999932,168.609071439624
"179",5582,5608,0.0896000000000043,27,0.0397999999999996,0.00153076923076922,24.3775354439817
"180",5612,5647,0.162599999999998,36,0.0268000000000015,0.000765714285714328,53.1615223161483
"181",5655,5692,0.334099999999999,38,0.0125000000000028,0.000337837837837915,84.4350320744956
"182",5696,5726,0.120899999999999,31,0.025500000000001,0.000850000000000032,43.0337606283853
"183",5729,5752,0.166399999999996,24,0.0198999999999998,0.000865217391304339,33.0819797858773
"184",5755,5763,0.0953999999999979,9,0.0153999999999996,0.00192499999999995,7.07343425440397
"185",5765,5786,0.310900000000004,22,0.0122,0.00058095238095238,38.0248192617663
"186",5788,5803,0.198999999999998,16,0.024799999999999,0.00165333333333327,13.8490865864132
"187",5805,5825,0.181600000000003,21,0.019599999999997,0.000979999999999848,26.788661977877
"188",5826,5841,0.0788000000000011,16,0.0262999999999991,0.00175333333333327,13.1410923276295
"189",5842,5862,0.312000000000005,21,0.0120000000000005,0.000600000000000023,35.702989444799
"190",5867,5885,0.117699999999999,19,0.0227999999999966,0.00126666666666648,20.2743626059797
"191",5890,5907,0.322900000000004,18,0.0111999999999952,0.000658823529411483,29.1470956138501
"192",5908,5987,0.436700000000002,80,0.0292999999999992,0.000370886075949357,170.558232158891
"193",5994,6013,0.0799000000000021,20,0.0268999999999977,0.00141578947368409,19.5222410279012
"194",6018,6023,0.140900000000002,6,0.00459999999999638,0.000919999999999277,8.04251111035373
"195",6025,6034,0.0191000000000017,10,0.0183999999999997,0.00204444444444442,7.37057018505631
"196",6035,6058,0.394500000000001,24,0.0172000000000025,0.000747826086956632,36.1144114385647
"197",6062,6089,0.275799999999997,28,0.0206000000000017,0.000762962962963027,41.5651769706561
"198",6092,6103,0.108899999999998,12,0.0165000000000006,0.00150000000000006,11.4410762919852
"199",6104,6140,0.0842999999999989,37,0.0262000000000029,0.000727777777777858,56.2840780653191
"200",6144,6168,0.171900000000001,25,0.0267999999999944,0.00111666666666643,29.033287518905
"201",6170,6187,0.130400000000002,18,0.0204999999999984,0.00120588235294108,19.9583941760344
"202",6188,6209,0.111000000000004,22,0.0388000000000019,0.00184761904761914,16.870520273278
"203",6211,6229,0.1526,19,0.0174999999999983,0.000972222222222127,24.4151390076752
"204",6231,6248,0.0578999999999965,18,0.034000000000006,0.00200000000000035,12.9283067271767
"205",6250,6267,0.0642999999999958,18,0.0134000000000043,0.0007882352941179,26.3560710671399
"206",6269,6285,0.300999999999995,17,0.0118000000000009,0.000737500000000058,25.8778184843264
"207",6288,6305,0.025500000000001,18,0.0142999999999986,0.000841176470588156,25.3563714675241
"208",6307,6321,0.279600000000002,15,0.00929999999999609,0.000664285714285435,24.2006029567684
"209",6326,6395,0.354900000000001,70,0.0285000000000011,0.000413043478260885,142.217034856665
"210",6400,6426,0.243500000000004,27,0.0197999999999965,0.000761538461538326,40.1429159956612
"211",6428,6459,0.851100000000002,32,0.0137999999999963,0.00044516129032246,62.9396338301206
"212",6464,6533,1.0218,70,0.0247000000000028,0.000357971014492795,151.624376356107
"213",6534,6538,0.00220000000000198,5,0.00499999999999545,0.00124999999999886,5.56221981736021
"214",6540,6550,0.190200000000004,11,0.00779999999999603,0.000779999999999603,16.2653456338485
"215",6554,6619,0.307100000000005,66,0.0233999999999952,0.000359999999999926,142.627077403704
"216",6628,6694,0.342800000000004,67,0.0265999999999948,0.000403030303030225,137.679961329077
"217",6699,6713,0.093900000000005,15,0.0128999999999948,0.0009214285714282,20.0358836931698
"218",6714,6757,0.239700000000006,44,0.0214999999999961,0.000499999999999909,81.7571638640392
"219",6762,6825,0.413000000000004,64,0.029999999999994,0.000476190476190381,121.589671734267
"220",6829,6833,0.0317000000000007,5,0.00550000000000495,0.00137500000000124,5.22969309392977
"221",6834,6855,0.119399999999999,22,0.0156999999999954,0.000747619047618828,33.1430467147699
"222",6856,6879,0.109100000000005,24,0.0217999999999989,0.000947826086956475,31.2105087657212
"223",6880,6905,0.0756999999999977,26,0.0307999999999993,0.00123199999999997,28.0505970552922
"224",6906,6918,0.116399999999999,13,0.0127000000000024,0.00105833333333353,15.9285677231821
"225",6923,6997,0.265900000000002,75,0.0260999999999996,0.000352702702702697,163.478911524309
"226",7006,7014,0.0987000000000009,9,0.0075999999999965,0.000949999999999562,11.8742158917379
"227",7017,7054,0.471699999999998,38,0.017000000000003,0.000459459459459541,73.6035995518263
"228",7059,7114,0.5411,56,0.0215000000000032,0.000390909090909149,116.734576442077
"229",7118,7136,0.380899999999997,19,0.0114000000000019,0.000633333333333436,31.4130086054936
"230",7139,7210,0.204799999999999,72,0.0257999999999967,0.000363380281690095,154.929120241086
"231",7218,7224,0.0508000000000024,7,0.00260000000000105,0.000433333333333508,13.6161439563437
"232",7225,7252,0.517299999999999,28,0.0140999999999991,0.000522222222222189,51.0221935954575
"233",7255,7276,0.514000000000003,22,0.00919999999999987,0.000438095238095232,43.595709780892
"234",7279,7299,0.0497000000000014,21,0.0105000000000004,0.00052500000000002,38.1961028003692
"235",7302,7319,0.178599999999996,18,0.0151000000000039,0.000888235294117876,24.5246119813276
"236",7323,7378,0.5852,56,0.0230999999999995,0.00041999999999999,112.982410218903
"237",7387,7412,0.173499999999997,26,0.0298999999999978,0.00119599999999991,28.6847862132715
"238",7414,7434,0.296400000000006,21,0.0135999999999967,0.000679999999999836,33.388985757419
"239",7436,7468,0.0870999999999995,33,0.0433000000000021,0.00135312500000007,32.8265064052607
"240",7469,7496,0.379100000000001,28,0.0122,0.000451851851851851,54.7022321527232
"241",7497,7530,0.060299999999998,34,0.0101999999999975,0.000309090909090835,78.3604415887144
"242",7535,7563,0.075800000000001,29,0.031800000000004,0.00113571428571443,33.1432217425416
"243",7565,7579,0.0848999999999975,15,0.0139999999999958,0.000999999999999699,19.0172716907284
"244",7583,7595,0.0807000000000002,13,0.0176000000000016,0.0014666666666668,12.570312924092
"245",7596,7634,0.316200000000002,39,0.0157999999999987,0.000415789473684176,79.1278124268207
"246",7643,7665,0.363700000000001,23,0.0118000000000009,0.000536363636363678,41.385621597406
"247",7668,7686,0.188299999999998,19,0.0125999999999991,0.000699999999999948,29.7526301089347
"248",7688,7755,0.341500000000003,68,0.0230999999999995,0.000344776119402977,149.709334157316
"249",7759,7777,0.230799999999995,19,0.0105000000000004,0.000583333333333355,32.7874100803552
"250",7779,7798,0.192600000000006,20,0.018899999999995,0.000994736842105002,25.2884325991644
"251",7799,7822,0.250300000000003,24,0.0105000000000004,0.000456521739130452,46.6677266104653
"252",7823,7868,0.00199999999999534,46,0.0659000000000063,0.00146444444444458,42.3743208103228
"253",7870,7880,0.127099999999999,11,0.0137999999999963,0.00137999999999963,11.2322802157365
"254",7882,7904,0.1417,23,0.0155999999999992,0.000709090909090871,35.6954699732306
"255",7908,7925,0.154300000000006,18,0.018899999999995,0.00111176470588206,21.1530045838937
"256",7927,7958,0.3917,32,0.0200999999999993,0.000648387096774172,52.0412475602797
"257",7961,7980,0.313400000000001,20,0.0146000000000015,0.000768421052631658,29.6866289279005
"258",7981,8032,0.448099999999997,52,0.0254000000000048,0.000498039215686368,96.7312144864106
"259",8038,8043,0.126199999999997,6,0.00249999999999773,0.000499999999999545,10.8755708130947
"260",8047,8070,0.285500000000006,24,0.0189999999999984,0.000826086956521668,34.039392131726
"261",8077,8094,0.208399999999997,18,0.0223000000000013,0.00131176470588243,18.7376948238763
"262",8095,8116,0.215899999999998,22,0.0162000000000049,0.000771428571428804,32.5439299880833
"263",8117,8141,0.286199999999994,25,0.0135000000000005,0.000562500000000021,43.9054606384662
"264",8143,8164,0.4953,22,0.0122999999999962,0.000585714285714105,37.8652510519901
"265",8166,8222,0.0662000000000091,57,0.015900000000002,0.000283928571428608,135.986660426545
"266",8223,8231,0.0011999999999972,9,0.0169999999999959,0.00212499999999949,6.45535098954271
"267",8233,8274,0.468500000000006,42,0.0147999999999939,0.000360975609755949,90.7231904437601
"268",8275,8279,0.00150000000000716,5,0.00319999999999254,0.000799999999998136,7.17105391763055
"269",8284,8291,0.100200000000001,8,0.00600000000000023,0.00085714285714289,11.2089077121229
"270",8293,8309,0.243600000000001,17,0.0121000000000038,0.000756250000000236,25.5111380530064
"271",8314,8349,0.307000000000002,36,0.0134999999999934,0.000385714285714097,75.552768731522
"272",8353,8357,0.0369000000000028,5,0.0046999999999997,0.00117499999999993,5.7804377544575
"273",8358,8376,0.182500000000005,19,0.0158999999999878,0.000883333333332656,25.9531866529266
"274",8378,8422,0.587500000000006,45,0.0164999999999935,0.000374999999999853,95.594648965205
"275",8431,8451,0.350800000000007,21,0.0176000000000016,0.000880000000000081,28.7051367585704
"276",8452,8456,0.0341999999999985,5,0.00310000000000343,0.000775000000000858,7.2882108578006
"277",8457,8490,0.430399999999992,34,0.0186000000000064,0.000563636363636557,59.5496436708617
"278",8491,8524,0.00209999999999866,34,0.101100000000002,0.00306363636363644,13.5833403972751
"279",8526,8550,0.246299999999991,25,0.0174000000000092,0.000725000000000383,38.2799772029771
"280",8552,8572,0.2577,21,0.0106999999999999,0.000534999999999997,37.8424063657337
"281",8573,8590,0.242199999999997,18,0.0142000000000024,0.000835294117647202,25.4639630461929
"282",8592,8667,0.0498999999999938,76,0.0257000000000005,0.000342666666666673,167.72636485235
"283",8672,8693,0.241399999999999,22,0.0110000000000099,0.000523809523809995,40.0568121271076
"284",8698,8725,0.331299999999999,28,0.0140999999999991,0.000522222222222189,51.0221935954575
"285",8729,8753,0.185999999999993,25,0.0187999999999988,0.000783333333333284,36.5896113587135
"286",8754,8782,0.237000000000009,29,0.0142999999999915,0.000510714285713984,53.422323285059
"287",8786,8800,0.13300000000001,15,0.0134999999999934,0.000964285714285243,19.4686984881806
"288",8801,8822,0.274500000000003,22,0.0120000000000005,0.000571428571428593,38.3482109865084
"289",8826,8856,0.050699999999992,31,0.0167000000000002,0.000556666666666672,54.6732714282979
"290",8860,8906,0.340100000000007,47,0.0194000000000045,0.000421739130434881,94.6950567972751
"291",8909,8931,0.13239999999999,23,0.0239000000000118,0.00108636363636417,27.2949466517412
"292",8933,8970,0.0605999999999938,38,0.0259999999999962,0.000702702702702601,58.9732303234281
"293",8973,8999,0.441500000000005,27,0.0126999999999953,0.000488461538461357,50.8391293386279
"294",9000,9019,0.00280000000000769,20,0.0652999999999935,0.00343684210526281,7.13714423076179
"295",9020,9045,0.106499999999997,26,0.0238000000000085,0.000952000000000339,33.6618428988699
"296",9046,9080,0.244100000000003,35,0.0134999999999934,0.000397058823529218,72.5165533169889
"297",9087,9098,0.126500000000007,12,0.0121999999999929,0.00110909090909026,14.277171228153
"298",9100,9170,0.367999999999995,71,0.029900000000012,0.000427142857143029,142.013668234401
"299",9180,9206,0.0915999999999997,27,0.032999999999987,0.00126923076923027,28.4383035222927
"300",9211,9240,0.118100000000013,30,0.0223999999999904,0.000772413793103118,44.1719632806063
"301",9242,9246,0.0880000000000081,5,0.00369999999999493,0.000924999999998732,6.63944846069078
"302",9247,9279,0.159499999999994,33,0.0254000000000048,0.000793750000000149,47.7409630986251
"303",9284,9303,0.339399999999998,20,0.0204000000000093,0.00107368421052681,24.0138372180179
"304",9304,9336,0.290299999999988,33,0.0190000000000055,0.000593750000000171,56.2593000971669
"305",9340,9368,0.985399999999998,29,0.0147000000000048,0.000525000000000172,52.6978995241453
"306",9375,9394,0.364599999999996,20,0.015500000000003,0.000815789473684366,28.6561469510613
"307",9395,9424,0.125500000000002,30,0.0131999999999977,0.000455172413793023,58.4026270207048
"308",9430,9451,0.093199999999996,22,0.022500000000008,0.00107142857142895,26.3910746400259
"309",9452,9469,0.308999999999997,18,0.0103000000000009,0.000605882352941227,30.465663462092
"310",9472,9511,0.0403999999999911,40,0.0747000000000071,0.0019153846153848,28.6596095899145
"311",9513,9529,0.137799999999999,17,0.0170999999999992,0.00106874999999995,20.5599966894855
"312",9537,9558,0.201599999999999,22,0.018100000000004,0.000861904761904952,30.4400655023484
"313",9560,9587,0.365899999999996,28,0.0150000000000006,0.000555555555555577,49.4594892758419
"314",9592,9612,0.190100000000001,21,0.0163000000000011,0.000815000000000055,30.0862403124321
"315",9615,9686,0.5749,72,0.0246999999999957,0.000347887323943602,157.887541257359
"316",9687,9691,0.00140000000000384,5,0.00449999999999307,0.00112499999999827,5.93483287293241
"317",9700,9722,0.110900000000001,23,0.0361000000000047,0.0016409090909093,19.6651465398129
"318",9727,9762,0.235699999999994,36,0.0338000000000136,0.000965714285714674,45.8851898785477
"319",9764,9789,0.335799999999992,26,0.0206000000000017,0.000824000000000069,36.8897975246647
"320",9791,9825,0.219899999999996,35,0.0237000000000052,0.000697058823529564,54.614639827706
"321",9833,9859,0.398099999999999,27,0.0121999999999929,0.000469230769230495,51.823554291137
"322",9860,9873,0.0424000000000007,14,0.0115000000000123,0.000884615384616329,19.196150264937
"323",9875,9893,0.183599999999998,19,0.0237999999999943,0.0013222222222219,19.6187832074706
"324",9898,9913,0.055499999999995,16,0.0106999999999999,0.000713333333333329,24.8253229245454
"325",9916,9937,0.212500000000006,22,0.0147999999999939,0.000704761904761616,34.2760894773713
"326",9940,9954,0.146300000000011,15,0.0087999999999937,0.000628571428570979,24.9163955390784
"327",9957,9980,0.324399999999997,24,0.0153000000000105,0.000665217391304806,38.5805510711066
"328",9981,9996,0.123899999999992,16,0.020300000000006,0.00135333333333373,16.332795766217
"329",9997,10070,0.589199999999991,74,0.0230000000000103,0.000315068493150827,169.203202634133
"330",10071,10078,0.00149999999999295,8,0.00730000000000075,0.00104285714285725,9.97616581730316
"331",10086,10111,0.286699999999996,26,0.0138000000000034,0.000552000000000135,46.0929518613531
"332",10114,10136,0.335099999999997,23,0.0168000000000035,0.000763636363636522,34.2076183462352
"333",10137,10175,1.0775,39,0.0152000000000072,0.00040000000000019,80.5261798897414
"334",10180,10215,0.14309999999999,36,0.0437000000000012,0.00124857142857146,38.0890482552246
"335",10218,10245,0.342100000000002,28,0.0143000000000058,0.000529629629629843,50.6658918623769
"336",10248,10325,0.385199999999998,78,0.0275999999999925,0.000358441558441461,168.815047966498
"337",10332,10350,0.214399999999998,19,0.0171000000000134,0.000950000000000747,24.7843976398042
"338",10352,10379,0.174899999999994,28,0.0264999999999986,0.000981481481481431,35.47153772669
"339",10380,10402,0.194599999999994,23,0.0195000000000078,0.000886363636363993,31.2493473173219
"340",10404,10427,0.335300000000004,24,0.0167000000000002,0.000726086956521746,36.7334207040548
"341",10428,10456,0.117799999999988,29,0.0289000000000073,0.00103214285714312,35.4733744106056
"342",10458,10482,0.110299999999995,25,0.0237000000000052,0.000987500000000215,31.6145522295109
"343",10484,10501,0.144300000000001,18,0.0185000000000031,0.00108823529411783,21.4699183972131
"344",10504,10536,0.257199999999997,33,0.0159999999999911,0.000499999999999723,61.3966083219595
"345",10539,10557,0.255600000000001,19,0.0132000000000119,0.000733333333333993,28.9858077685329
"346",10558,10583,0.262999999999991,26,0.0146000000000015,0.00058400000000006,44.7797644691602
"347",10585,10612,0.166300000000007,28,0.0157999999999987,0.000585185185185137,48.1525013843136
"348",10613,10633,0.280599999999993,21,0.0112000000000023,0.000560000000000116,36.9881825125973
"349",10636,10664,0.139499999999998,29,0.0177000000000049,0.000632142857143033,47.8580129997152
"350",10667,10690,0.0921000000000021,24,0.0213999999999999,0.00093043478260869,31.5888970490658
"351",10694,10710,0.140499999999989,17,0.0179000000000116,0.00111875000000072,19.9215592704054
"352",10712,10769,0.571399999999997,58,0.0250999999999948,0.000440350877192891,114.449120131412
"353",10772,10799,0.360399999999998,28,0.0198000000000036,0.000733333333333466,42.5387802559395
"354",10802,10863,0.410300000000007,62,0.0258999999999929,0.00042459016393431,124.417306139807
"355",10866,10877,0.191500000000005,12,0.00979999999999848,0.000890909090908952,16.4151295763025
"356",10881,10910,0.697199999999995,30,0.0122999999999962,0.000424137931034352,60.3422761188343
"357",10913,10928,0.089100000000002,16,0.0106999999999999,0.000713333333333329,24.8253229245454
"358",10930,10973,0.0127999999999986,44,0.0381,0.000886046511627908,59.1724408261639
"359",10978,11011,0.2547,34,0.0138000000000034,0.00041818181818192,68.8201815228139
"360",11013,11039,0.0953999999999979,27,0.0237000000000052,0.00091153846153866,35.9346273105439
"361",11041,11073,0.0408000000000044,33,0.0281999999999982,0.000881249999999945,44.7319991115237
"362",11075,11092,0.0914999999999964,18,0.00969999999999516,0.000570588235293833,31.4156011332498
"363",11095,11125,0.262800000000013,31,0.0124999999999886,0.000416666666666288,62.8579692063972
"364",11128,11154,0.260200000000012,27,0.0139999999999958,0.000538461538461377,48.4609844107704
"365",11156,11179,0.25,24,0.012999999999991,0.000565217391303957,42.0534194356321
"366",11182,11204,0.164500000000004,23,0.0232000000000028,0.00105454545454558,27.8659508544591
"367",11205,11226,0.121899999999997,22,0.0153999999999996,0.000733333333333316,33.5126532364652
"368",11228,11279,0.5167,52,0.0227000000000004,0.000445098039215694,102.13307978902
"369",11283,11296,0.130499999999998,14,0.0132000000000119,0.00101538461538553,17.5990578056159
"370",11298,11321,0.346899999999991,24,0.0123999999999995,0.000539130434782588,43.0687562261135
"371",11323,11379,0.370000000000005,57,0.0160999999999945,0.000287499999999901,135.31113074312
"372",11380,11385,0.0011999999999972,6,0.007000000000005,0.001400000000001,6.18799951538836
"373",11388,11407,0.3125,20,0.0130000000000052,0.000684210526316065,31.7033505980987
"374",11410,11432,0.284599999999998,23,0.0189000000000021,0.000859090909091006,31.8656986150209
"375",11434,11504,0.413899999999998,71,0.0244,0.000348571428571428,155.567435022057
"376",11511,11516,0.0870000000000033,6,0.00669999999999504,0.00133999999999901,6.37652801736864
"377",11518,11540,0.112300000000005,23,0.0176000000000016,0.000800000000000073,33.2791686606233
"378",11542,11584,0.345999999999989,43,0.015500000000003,0.000369047619047689,91.9936631679432
"379",11585,11592,0.00190000000000623,8,0.010799999999989,0.00154285714285558,7.60970928259279
"380",11593,11614,0.139200000000002,22,0.0167000000000002,0.000795238095238103,31.9648187907142
"381",11616,11658,0.362000000000009,43,0.0167000000000002,0.000397619047619051,89.0077298630297
"382",11659,11665,0.00159999999999627,7,0.0103000000000009,0.00171666666666681,6.16640903427954
"383",11667,11683,0.231499999999997,17,0.0164000000000044,0.00102500000000028,21.1472412068689
"384",11684,11699,0.0953999999999979,16,0.0245000000000033,0.00163333333333355,13.9970477086329
"385",11700,11717,0.149499999999989,18,0.0167000000000002,0.00098235294117648,22.9996542828771
"386",11719,11781,0.309000000000012,63,0.0232999999999919,0.000375806451612772,133.6134647907
"387",11788,11811,0.332599999999999,24,0.0129000000000019,0.000560869565217474,42.2191139314799
"388",11814,11859,0.319900000000004,46,0.017799999999994,0.000395555555555423,95.426807835023
"389",11862,11881,0.318899999999999,20,0.0174999999999983,0.000921052631578858,26.5858801187061
"390",11883,11901,0.399300000000011,19,0.013300000000001,0.000738888888888943,28.8617128281555
"391",11903,11930,0.105199999999996,28,0.0384999999999991,0.00142592592592589,26.820941703289
"392",11934,11958,0.28309999999999,25,0.015500000000003,0.000645833333333456,40.8284916773317
"393",11959,11980,0.309700000000007,22,0.0137,0.000652380952380955,35.7675466559973
"394",11981,11988,0.0828999999999951,8,0.00450000000000728,0.000642857142858182,13.0606286260082
"395",11990,12018,0.253900000000002,29,0.0109999999999957,0.000392857142856989,60.3720841805675
"396",12022,12067,0.161900000000003,46,0.0558999999999941,0.00124222222222209,48.5656890954472
"397",12069,12130,0.441299999999998,62,0.0237000000000052,0.000388524590164019,129.562543527234
"398",12133,12140,0.195399999999992,8,0.00679999999999836,0.000971428571428338,10.4190006989802
"399",12144,12214,0.442400000000006,71,0.0238999999999976,0.000341428571428537,156.95534746677
"400",12220,12249,0.414200000000008,30,0.0147999999999939,0.000510344827585998,55.2771539924291
"401",12252,12280,0.354799999999997,29,0.0230999999999995,0.00082499999999998,41.0504069461783
"402",12282,12296,0.0808000000000106,15,0.0193999999999903,0.00138571428571359,15.0724484891395
"403",12297,12333,0.109000000000009,37,0.0626999999999924,0.00174166666666646,29.277211478307
"404",12336,12380,0.234899999999996,45,0.0186000000000064,0.000422727272727418,90.5790827449762
"405",12385,12406,0.395399999999995,22,0.0146000000000015,0.000695238095238167,34.5381019065896
"406",12408,12432,0.289100000000005,25,0.0129000000000019,0.00053750000000008,44.9249456548852
"407",12433,12455,0.265599999999992,23,0.0191000000000088,0.000868181818182217,31.6578537056498
"408",12457,12498,0.267499999999998,42,0.0170999999999992,0.000417073170731688,85.0802584924949
"409",12501,12514,0.281899999999993,14,0.00840000000000884,0.000646153846154527,22.9230752655676
"410",12516,12545,0.269999999999996,30,0.0177000000000049,0.000610344827586377,50.4366238636271
"411",12546,12577,0.0638999999999896,32,0.0250000000000057,0.000806451612903409,45.8684519123021
"412",12578,12597,0.0531000000000006,20,0.0254999999999939,0.00134210526315757,20.3734360434162
"413",12601,12620,0.237200000000001,20,0.0164000000000044,0.000863157894737074,27.6897979806723
"414",12623,12647,0.0319999999999965,25,0.0122000000000071,0.000508333333333629,46.1803793215353
"415",12654,12678,0.343999999999994,25,0.0135000000000076,0.000562500000000317,43.9054606384544
"416",12683,12710,0.07289999999999,28,0.0190000000000055,0.000703703703703906,43.5564828673896
"417",12711,12731,0.133200000000002,21,0.0183999999999997,0.000919999999999987,27.9105754607547
"418",12733,12765,0.330699999999993,33,0.013300000000001,0.000415625000000031,66.9851729183186
"419",12768,12787,0.395899999999997,20,0.0119000000000113,0.000626315789474281,33.2534023076015
"420",12789,12823,0.0745000000000005,35,0.035499999999999,0.00104411764705879,42.3010228707511
"421",12829,12845,0.125499999999988,17,0.0151000000000039,0.000943750000000243,22.317176421305
"422",12847,12864,0.380800000000008,18,0.0117999999999938,0.00069411764705846,28.3302626917648
"423",12866,12902,1.43300000000001,37,0.0145999999999873,0.000405555555555202,75.930378621998
"424",12905,12937,0.0681000000000012,33,0.0127999999999986,0.000399999999999956,68.1510267167852
"425",12942,12963,0.509200000000007,22,0.0129000000000019,0.000614285714285805,36.9362229618899
"426",12967,13019,0.311700000000002,53,0.0215999999999923,0.000415384615384467,107.493721803459
"427",13026,13042,0.133899999999997,17,0.0125000000000028,0.000781250000000178,25.0374450028339
"428",13043,13070,0.405000000000001,28,0.0138000000000034,0.000511111111111236,51.566880224364
"429",13074,13124,0.565100000000001,51,0.013300000000001,0.00026600000000002,124.822559128606
"430",13125,13133,0.00140000000000384,9,0.0154999999999887,0.00193749999999859,7.03246215675208
"431",13134,13141,0.0412000000000035,8,0.0101999999999975,0.00145714285714251,7.94568643166298
"432",13143,13164,0.179500000000004,22,0.0130000000000052,0.000619047619047868,36.7859189901212
"433",13166,13193,0.31819999999999,28,0.0137,0.000507407407407409,51.751250677183
"434",13194,13239,0.600700000000003,46,0.0156999999999954,0.000348888888888786,100.820168271339
"435",13245,13276,0.6083,32,0.0136000000000109,0.000438709677419708,63.3680846143707
"436",13277,13319,0.00209999999999866,43,0.0743999999999971,0.0017714285714285,33.2589470925444
"437",13323,13346,0.0827999999999918,24,0.0228000000000037,0.000991304347826248,30.2977990489257
"438",13351,13391,0.3292,41,0.0120000000000005,0.000300000000000011,95.6695954080812
"439",13392,13405,0.00190000000000623,14,0.0182999999999964,0.00140769230769203,13.9363569701102
"440",13408,13447,0.3476,40,0.0172000000000025,0.000441025641025706,78.9737080122748
"441",13450,13474,0.086199999999991,25,0.0307000000000102,0.00127916666666709,26.2364306168217
"442",13475,13512,0.2517,38,0.0174999999999983,0.000472972972972927,72.5916579248425
"443",13514,13537,0.122399999999999,24,0.0165999999999968,0.000721739130434645,36.8596571873233
"444",13538,13565,0.322699999999998,28,0.0131000000000085,0.000485185185185502,52.88843934216
"445",13568,13600,0.307099999999991,33,0.0183999999999997,0.000574999999999992,57.2137570893776
"446",13603,13623,0.130800000000008,21,0.015900000000002,0.000795000000000101,30.5358943801922
"447",13627,13659,0.108199999999997,33,0.020700000000005,0.000646875000000158,53.7220847339362
"448",13660,13735,0.3215,76,0.024799999999999,0.000330666666666654,170.289258980268
"449",13736,13743,0.00489999999999213,8,0.015900000000002,0.00227142857142886,5.44396018661749
"450",13748,13782,0.135599999999997,35,0.0317000000000007,0.000932352941176492,45.691903230537
"451",13786,13805,0.230699999999999,20,0.0182000000000073,0.000957894736842491,25.923103131372
"452",13808,13841,0.0585999999999984,34,0.0301000000000045,0.000912121212121347,45.0522168780035
"453",13842,13859,0.0671999999999997,18,0.0178999999999974,0.00105294117647043,21.9602881983073
"454",13860,13888,0.513499999999993,29,0.0130000000000052,0.000464285714285901,55.9348602886468
"455",13889,14028,0.0634000000000015,140,0.0433000000000021,0.000311510791366922,321.284271983173
"456",14029,14186,0.00109999999999388,158,0.214399999999998,0.00136560509554139,150.968166196603
"457",14188,14273,0.0991999999999962,86,0.0279000000000025,0.000328235294117676,193.253762181984
"458",14274,14283,0.00140000000000384,10,0.019999999999996,0.00222222222222178,6.79503309794524
"459",14287,14366,0.289400000000001,80,0.0285000000000082,0.00036075949367099,172.646798385806
"460",14376,14441,0.303899999999999,66,0.0233999999999952,0.000359999999999926,142.627077403704
"461",14447,14519,0.518900000000002,73,0.0189000000000021,0.00026250000000003,179.59759589889
"462",14520,14532,0.00130000000000052,13,0.0144999999999982,0.00120833333333318,14.5430060871827
"463",14542,14579,0.555999999999997,38,0.0143000000000058,0.000386486486486642,79.6756166703036
"464",14586,14623,0.667099999999991,38,0.0135000000000076,0.000364864864865071,81.7087155547322
"465",14630,14635,0.200999999999993,6,0.00520000000000209,0.00104000000000042,7.4908757351717
"466",14636,14656,0.254400000000004,21,0.0156999999999954,0.000784999999999769,30.7654271077712
"467",14658,14665,0.219099999999997,8,0.0113000000000056,0.00161428571428652,7.34629270510643
"468",14667,14691,0.094300000000004,25,0.0501000000000005,0.00208750000000002,16.7821687877417
"469",14694,14707,0.255299999999991,14,0.0130000000000052,0.0010000000000004,17.7745807263021
"470",14708,14724,0.274699999999996,17,0.0187999999999988,0.00117499999999993,19.2413738365698
"471",14725,14758,0.0936999999999983,34,0.0503000000000071,0.00152424242424264,30.5395898225007
"472",14761,14770,0.338499999999996,10,0.00979999999999848,0.00108888888888872,12.0928852427154
"473",14772,14783,0.0519000000000034,12,0.00560000000000116,0.000509090909091015,22.0940949894772
"474",14787,14795,0.134299999999996,9,0.013300000000001,0.00166250000000012,8.0188325639676
"475",14797,14811,0.326099999999997,15,0.00910000000000366,0.000650000000000261,24.4818108404155
"476",14817,14836,0.102699999999999,20,0.0328000000000088,0.00172631578947415,16.4459375415121
"477",14840,14860,0.389600000000002,21,0.0194999999999936,0.000974999999999682,26.8791607519974
"478",14861,14878,0.412499999999994,18,0.00920000000000698,0.000541176470588646,32.2566283751594
"479",14883,14912,0.509100000000004,30,0.0163000000000011,0.000562068965517279,52.6579126550574
"480",14914,14930,0.0543999999999869,17,0.0165000000000077,0.00103125000000048,21.0616224393395
